order_id,pickup_node,pickup_x_m,pickup_y_m,delivery_node,delivery_x_m,delivery_y_m,order_type,weight_kg,volume_l,order_time_min,order_time_hhmm,ready_time_min,ready_time_hhmm,earliest_start_min,service_deadline_s,latest_finish_min,latest_finish_hhmm,S_j_h,a_j_h,b_j_h,priority,splittable,source_type,source_note
OD300_001,CANTEEN_W,525,520,DORM_E,1240,1080,外卖,0.39,1.1,40,08:40,50,08:50,50,1320,72,09:12,0.8333,0.8333,1.2000,normal,0,scenario_simulation,Generated SYSU Shenzhen daily takeout demand with lunch and dinner peaks
OD300_002,RESTAURANT_X,720,715,DORM_W,267,768,外卖,0.71,2.1,52,08:52,57,08:57,57,1080,75,09:15,0.9500,0.9500,1.2500,normal,0,scenario_simulation,Generated SYSU Shenzhen daily takeout demand with lunch and dinner peaks
OD300_003,RESTAURANT_X,720,715,DORM_W,267,768,外卖,0.69,1.9,52,08:52,60,09:00,60,1500,85,09:25,1.0000,1.0000,1.4167,normal,0,scenario_simulation,Generated SYSU Shenzhen daily takeout demand with lunch and dinner peaks
OD300_004,GATE_S,800,160,LIB,640,865,外卖,1.05,2.3,56,08:56,63,09:03,63,1500,88,09:28,1.0500,1.0500,1.4667,normal,0,scenario_simulation,Generated SYSU Shenzhen daily takeout demand with lunch and dinner peaks
OD300_005,RESTAURANT_X,720,715,DORM_W,267,768,外卖,0.41,1.6,72,09:12,79,09:19,79,1500,104,09:44,1.3167,1.3167,1.7333,normal,0,scenario_simulation,Generated SYSU Shenzhen daily takeout demand with lunch and dinner peaks
OD300_006,RESTAURANT_X,720,715,DORM_W,267,768,外卖,0.83,2.4,72,09:12,77,09:17,77,1200,97,09:37,1.2833,1.2833,1.6167,normal,0,scenario_simulation,Generated SYSU Shenzhen daily takeout demand with lunch and dinner peaks
OD300_007,CANTEEN_W,525,520,DORM_W,267,768,外卖,1.17,2.5,77,09:17,85,09:25,85,1500,110,09:50,1.4167,1.4167,1.8333,normal,0,scenario_simulation,Generated SYSU Shenzhen daily takeout demand with lunch and dinner peaks
OD300_008,RESTAURANT_X,720,715,DORM_E,1240,1080,外卖,0.91,2.4,81,09:21,86,09:26,86,1500,111,09:51,1.4333,1.4333,1.8500,normal,0,scenario_simulation,Generated SYSU Shenzhen daily takeout demand with lunch and dinner peaks
OD300_009,CANTEEN_W,525,520,DORM_E,1240,1080,外卖,0.83,2.4,83,09:23,90,09:30,90,1500,115,09:55,1.5000,1.5000,1.9167,normal,0,scenario_simulation,Generated SYSU Shenzhen daily takeout demand with lunch and dinner peaks
OD300_010,CANTEEN_E,1125,920,DORM_E,1240,1080,外卖,0.78,2.6,89,09:29,98,09:38,98,1320,120,10:00,1.6333,1.6333,2.0000,normal,0,scenario_simulation,Generated SYSU Shenzhen daily takeout demand with lunch and dinner peaks
OD300_011,CANTEEN_E,1125,920,DORM_E,1240,1080,外卖,0.64,1.9,98,09:38,103,09:43,103,1320,125,10:05,1.7167,1.7167,2.0833,normal,0,scenario_simulation,Generated SYSU Shenzhen daily takeout demand with lunch and dinner peaks
OD300_012,CANTEEN_W,525,520,LIB,640,865,外卖,1.16,3.1,107,09:47,113,09:53,113,1500,138,10:18,1.8833,1.8833,2.3000,normal,0,scenario_simulation,Generated SYSU Shenzhen daily takeout demand with lunch and dinner peaks
OD300_013,CANTEEN_W,525,520,LIB,640,865,外卖,0.69,2.1,112,09:52,121,10:01,121,1200,141,10:21,2.0167,2.0167,2.3500,normal,0,scenario_simulation,Generated SYSU Shenzhen daily takeout demand with lunch and dinner peaks
OD300_014,CANTEEN_E,1125,920,DORM_W,267,768,外卖,0.63,1.4,133,10:13,141,10:21,141,1500,166,10:46,2.3500,2.3500,2.7667,normal,0,scenario_simulation,Generated SYSU Shenzhen daily takeout demand with lunch and dinner peaks
OD300_015,RESTAURANT_X,720,715,LIB,640,865,外卖,1.15,3.6,143,10:23,148,10:28,148,1500,173,10:53,2.4667,2.4667,2.8833,normal,0,scenario_simulation,Generated SYSU Shenzhen daily takeout demand with lunch and dinner peaks
OD300_016,RESTAURANT_X,720,715,LIB,640,865,外卖,1.26,2.6,154,10:34,164,10:44,164,1200,184,11:04,2.7333,2.7333,3.0667,normal,0,scenario_simulation,Generated SYSU Shenzhen daily takeout demand with lunch and dinner peaks
OD300_017,CANTEEN_E,1125,920,DORM_E,1240,1080,外卖,0.87,2.2,188,11:08,197,11:17,197,1500,222,11:42,3.2833,3.2833,3.7000,normal,0,scenario_simulation,Generated SYSU Shenzhen daily takeout demand with lunch and dinner peaks
OD300_018,RESTAURANT_X,720,715,LIB,640,865,外卖,0.94,2.6,193,11:13,200,11:20,200,1320,222,11:42,3.3333,3.3333,3.7000,normal,0,scenario_simulation,Generated SYSU Shenzhen daily takeout demand with lunch and dinner peaks
OD300_019,CANTEEN_W,525,520,DORM_E,1240,1080,外卖,0.63,2.1,193,11:13,199,11:19,199,1500,224,11:44,3.3167,3.3167,3.7333,normal,0,scenario_simulation,Generated SYSU Shenzhen daily takeout demand with lunch and dinner peaks
OD300_020,CANTEEN_E,1125,920,DORM_E,1240,1080,外卖,0.58,1.9,195,11:15,204,11:24,204,1500,229,11:49,3.4000,3.4000,3.8167,normal,0,scenario_simulation,Generated SYSU Shenzhen daily takeout demand with lunch and dinner peaks
OD300_021,CANTEEN_W,525,520,DORM_W,267,768,外卖,0.65,2.2,197,11:17,204,11:24,204,1080,222,11:42,3.4000,3.4000,3.7000,normal,0,scenario_simulation,Generated SYSU Shenzhen daily takeout demand with lunch and dinner peaks
OD300_022,GATE_S,800,160,DORM_W,267,768,外卖,1.15,3.1,199,11:19,208,11:28,208,1320,230,11:50,3.4667,3.4667,3.8333,normal,0,scenario_simulation,Generated SYSU Shenzhen daily takeout demand with lunch and dinner peaks
OD300_023,CANTEEN_E,1125,920,DORM_W,267,768,外卖,1.01,2.8,199,11:19,204,11:24,204,1200,224,11:44,3.4000,3.4000,3.7333,normal,0,scenario_simulation,Generated SYSU Shenzhen daily takeout demand with lunch and dinner peaks
OD300_024,CANTEEN_W,525,520,DORM_W,267,768,外卖,0.91,1.7,200,11:20,208,11:28,208,1500,233,11:53,3.4667,3.4667,3.8833,normal,0,scenario_simulation,Generated SYSU Shenzhen daily takeout demand with lunch and dinner peaks
OD300_025,CANTEEN_W,525,520,DORM_E,1240,1080,外卖,0.75,2.2,205,11:25,215,11:35,215,1200,235,11:55,3.5833,3.5833,3.9167,normal,0,scenario_simulation,Generated SYSU Shenzhen daily takeout demand with lunch and dinner peaks
OD300_026,CANTEEN_W,525,520,DORM_E,1240,1080,外卖,0.91,2.0,206,11:26,215,11:35,215,1080,233,11:53,3.5833,3.5833,3.8833,normal,0,scenario_simulation,Generated SYSU Shenzhen daily takeout demand with lunch and dinner peaks
OD300_027,CANTEEN_W,525,520,DORM_W,267,768,外卖,1.00,2.5,207,11:27,212,11:32,212,1320,234,11:54,3.5333,3.5333,3.9000,normal,0,scenario_simulation,Generated SYSU Shenzhen daily takeout demand with lunch and dinner peaks
OD300_028,CANTEEN_E,1125,920,DORM_E,1240,1080,外卖,0.43,1.6,208,11:28,218,11:38,218,1200,238,11:58,3.6333,3.6333,3.9667,normal,0,scenario_simulation,Generated SYSU Shenzhen daily takeout demand with lunch and dinner peaks
OD300_029,RESTAURANT_X,720,715,DORM_E,1240,1080,外卖,0.75,2.6,209,11:29,216,11:36,216,1200,236,11:56,3.6000,3.6000,3.9333,normal,0,scenario_simulation,Generated SYSU Shenzhen daily takeout demand with lunch and dinner peaks
OD300_030,CANTEEN_W,525,520,LIB,640,865,外卖,0.67,2.2,209,11:29,217,11:37,217,900,232,11:52,3.6167,3.6167,3.8667,high,0,scenario_simulation,Generated SYSU Shenzhen daily takeout demand with lunch and dinner peaks
OD300_031,RESTAURANT_X,720,715,DORM_E,1240,1080,外卖,0.49,1.5,209,11:29,219,11:39,219,900,234,11:54,3.6500,3.6500,3.9000,high,0,scenario_simulation,Generated SYSU Shenzhen daily takeout demand with lunch and dinner peaks
OD300_032,RESTAURANT_X,720,715,DORM_E,1240,1080,外卖,1.17,2.2,211,11:31,221,11:41,221,1320,243,12:03,3.6833,3.6833,4.0500,normal,0,scenario_simulation,Generated SYSU Shenzhen daily takeout demand with lunch and dinner peaks
OD300_033,CANTEEN_E,1125,920,DORM_E,1240,1080,外卖,0.74,2.2,211,11:31,217,11:37,217,1320,239,11:59,3.6167,3.6167,3.9833,normal,0,scenario_simulation,Generated SYSU Shenzhen daily takeout demand with lunch and dinner peaks
OD300_034,RESTAURANT_X,720,715,DORM_W,267,768,外卖,0.94,2.9,212,11:32,220,11:40,220,900,235,11:55,3.6667,3.6667,3.9167,high,0,scenario_simulation,Generated SYSU Shenzhen daily takeout demand with lunch and dinner peaks
OD300_035,CANTEEN_E,1125,920,DORM_W,267,768,外卖,0.72,2.0,212,11:32,222,11:42,222,1500,247,12:07,3.7000,3.7000,4.1167,normal,0,scenario_simulation,Generated SYSU Shenzhen daily takeout demand with lunch and dinner peaks
OD300_036,GATE_S,800,160,DORM_W,267,768,外卖,0.96,2.2,212,11:32,221,11:41,221,1500,246,12:06,3.6833,3.6833,4.1000,normal,0,scenario_simulation,Generated SYSU Shenzhen daily takeout demand with lunch and dinner peaks
OD300_037,CANTEEN_W,525,520,DORM_E,1240,1080,外卖,0.71,2.0,218,11:38,227,11:47,227,1200,247,12:07,3.7833,3.7833,4.1167,normal,0,scenario_simulation,Generated SYSU Shenzhen daily takeout demand with lunch and dinner peaks
OD300_038,GATE_S,800,160,DORM_W,267,768,外卖,1.24,3.4,219,11:39,228,11:48,228,1320,250,12:10,3.8000,3.8000,4.1667,normal,0,scenario_simulation,Generated SYSU Shenzhen daily takeout demand with lunch and dinner peaks
OD300_039,RESTAURANT_X,720,715,LIB,640,865,外卖,0.78,2.2,220,11:40,229,11:49,229,900,244,12:04,3.8167,3.8167,4.0667,high,0,scenario_simulation,Generated SYSU Shenzhen daily takeout demand with lunch and dinner peaks
OD300_040,CANTEEN_W,525,520,DORM_E,1240,1080,外卖,0.66,1.8,223,11:43,228,11:48,228,1200,248,12:08,3.8000,3.8000,4.1333,normal,0,scenario_simulation,Generated SYSU Shenzhen daily takeout demand with lunch and dinner peaks
OD300_041,RESTAURANT_X,720,715,DORM_E,1240,1080,外卖,1.01,2.5,223,11:43,230,11:50,230,900,245,12:05,3.8333,3.8333,4.0833,high,0,scenario_simulation,Generated SYSU Shenzhen daily takeout demand with lunch and dinner peaks
OD300_042,RESTAURANT_X,720,715,LIB,640,865,外卖,0.85,2.2,224,11:44,231,11:51,231,1080,249,12:09,3.8500,3.8500,4.1500,normal,0,scenario_simulation,Generated SYSU Shenzhen daily takeout demand with lunch and dinner peaks
OD300_043,CANTEEN_W,525,520,DORM_E,1240,1080,外卖,0.44,1.2,225,11:45,232,11:52,232,1500,257,12:17,3.8667,3.8667,4.2833,normal,0,scenario_simulation,Generated SYSU Shenzhen daily takeout demand with lunch and dinner peaks
OD300_044,RESTAURANT_X,720,715,DORM_E,1240,1080,外卖,0.54,1.7,227,11:47,236,11:56,236,1080,254,12:14,3.9333,3.9333,4.2333,normal,0,scenario_simulation,Generated SYSU Shenzhen daily takeout demand with lunch and dinner peaks
OD300_045,RESTAURANT_X,720,715,DORM_W,267,768,外卖,0.64,1.8,227,11:47,232,11:52,232,900,247,12:07,3.8667,3.8667,4.1167,high,0,scenario_simulation,Generated SYSU Shenzhen daily takeout demand with lunch and dinner peaks
OD300_046,CANTEEN_E,1125,920,DORM_W,267,768,外卖,0.64,2.2,227,11:47,236,11:56,236,1500,261,12:21,3.9333,3.9333,4.3500,normal,0,scenario_simulation,Generated SYSU Shenzhen daily takeout demand with lunch and dinner peaks
OD300_047,CANTEEN_W,525,520,DORM_E,1240,1080,外卖,1.06,3.3,227,11:47,234,11:54,234,900,249,12:09,3.9000,3.9000,4.1500,high,0,scenario_simulation,Generated SYSU Shenzhen daily takeout demand with lunch and dinner peaks
OD300_048,CANTEEN_E,1125,920,DORM_W,267,768,外卖,0.75,1.7,228,11:48,233,11:53,233,900,248,12:08,3.8833,3.8833,4.1333,high,0,scenario_simulation,Generated SYSU Shenzhen daily takeout demand with lunch and dinner peaks
OD300_049,RESTAURANT_X,720,715,DORM_E,1240,1080,外卖,0.52,2.1,229,11:49,235,11:55,235,1200,255,12:15,3.9167,3.9167,4.2500,normal,0,scenario_simulation,Generated SYSU Shenzhen daily takeout demand with lunch and dinner peaks
OD300_050,CANTEEN_E,1125,920,LIB,640,865,外卖,0.51,1.4,229,11:49,236,11:56,236,1080,254,12:14,3.9333,3.9333,4.2333,normal,0,scenario_simulation,Generated SYSU Shenzhen daily takeout demand with lunch and dinner peaks
OD300_051,CANTEEN_E,1125,920,DORM_E,1240,1080,外卖,1.04,2.2,229,11:49,236,11:56,236,900,251,12:11,3.9333,3.9333,4.1833,high,0,scenario_simulation,Generated SYSU Shenzhen daily takeout demand with lunch and dinner peaks
OD300_052,CANTEEN_W,525,520,DORM_W,267,768,外卖,0.59,1.5,230,11:50,240,12:00,240,1320,262,12:22,4.0000,4.0000,4.3667,normal,0,scenario_simulation,Generated SYSU Shenzhen daily takeout demand with lunch and dinner peaks
OD300_053,CANTEEN_W,525,520,DORM_W,267,768,外卖,0.99,2.9,230,11:50,238,11:58,238,900,253,12:13,3.9667,3.9667,4.2167,high,0,scenario_simulation,Generated SYSU Shenzhen daily takeout demand with lunch and dinner peaks
OD300_054,CANTEEN_E,1125,920,DORM_W,267,768,外卖,1.20,3.6,231,11:51,241,12:01,241,1320,263,12:23,4.0167,4.0167,4.3833,normal,0,scenario_simulation,Generated SYSU Shenzhen daily takeout demand with lunch and dinner peaks
OD300_055,CANTEEN_W,525,520,DORM_W,267,768,外卖,0.40,1.4,231,11:51,238,11:58,238,1200,258,12:18,3.9667,3.9667,4.3000,normal,0,scenario_simulation,Generated SYSU Shenzhen daily takeout demand with lunch and dinner peaks
OD300_056,CANTEEN_E,1125,920,LIB,640,865,外卖,0.72,2.4,232,11:52,241,12:01,241,1080,259,12:19,4.0167,4.0167,4.3167,normal,0,scenario_simulation,Generated SYSU Shenzhen daily takeout demand with lunch and dinner peaks
OD300_057,CANTEEN_E,1125,920,LIB,640,865,外卖,1.10,2.5,232,11:52,237,11:57,237,1500,262,12:22,3.9500,3.9500,4.3667,normal,0,scenario_simulation,Generated SYSU Shenzhen daily takeout demand with lunch and dinner peaks
OD300_058,CANTEEN_W,525,520,LIB,640,865,外卖,1.22,2.7,232,11:52,241,12:01,241,1200,261,12:21,4.0167,4.0167,4.3500,normal,0,scenario_simulation,Generated SYSU Shenzhen daily takeout demand with lunch and dinner peaks
OD300_059,CANTEEN_W,525,520,DORM_E,1240,1080,外卖,1.32,3.8,233,11:53,240,12:00,240,1080,258,12:18,4.0000,4.0000,4.3000,normal,0,scenario_simulation,Generated SYSU Shenzhen daily takeout demand with lunch and dinner peaks
OD300_060,RESTAURANT_X,720,715,LIB,640,865,外卖,1.04,2.3,234,11:54,242,12:02,242,900,257,12:17,4.0333,4.0333,4.2833,high,0,scenario_simulation,Generated SYSU Shenzhen daily takeout demand with lunch and dinner peaks
OD300_061,CANTEEN_W,525,520,DORM_W,267,768,外卖,0.76,2.6,234,11:54,243,12:03,243,1500,268,12:28,4.0500,4.0500,4.4667,normal,0,scenario_simulation,Generated SYSU Shenzhen daily takeout demand with lunch and dinner peaks
OD300_062,CANTEEN_W,525,520,DORM_W,267,768,外卖,1.02,2.2,235,11:55,244,12:04,244,1320,266,12:26,4.0667,4.0667,4.4333,normal,0,scenario_simulation,Generated SYSU Shenzhen daily takeout demand with lunch and dinner peaks
OD300_063,CANTEEN_E,1125,920,DORM_E,1240,1080,外卖,0.72,1.9,236,11:56,243,12:03,243,1500,268,12:28,4.0500,4.0500,4.4667,normal,0,scenario_simulation,Generated SYSU Shenzhen daily takeout demand with lunch and dinner peaks
OD300_064,CANTEEN_E,1125,920,DORM_E,1240,1080,外卖,1.18,2.9,236,11:56,245,12:05,245,1500,270,12:30,4.0833,4.0833,4.5000,normal,0,scenario_simulation,Generated SYSU Shenzhen daily takeout demand with lunch and dinner peaks
OD300_065,CANTEEN_E,1125,920,LIB,640,865,外卖,0.95,2.7,237,11:57,246,12:06,246,1320,268,12:28,4.1000,4.1000,4.4667,normal,0,scenario_simulation,Generated SYSU Shenzhen daily takeout demand with lunch and dinner peaks
OD300_066,CANTEEN_W,525,520,DORM_W,267,768,外卖,0.64,1.8,239,11:59,248,12:08,248,1500,273,12:33,4.1333,4.1333,4.5500,normal,0,scenario_simulation,Generated SYSU Shenzhen daily takeout demand with lunch and dinner peaks
OD300_067,CANTEEN_W,525,520,DORM_E,1240,1080,外卖,1.12,2.7,241,12:01,249,12:09,249,1320,271,12:31,4.1500,4.1500,4.5167,normal,0,scenario_simulation,Generated SYSU Shenzhen daily takeout demand with lunch and dinner peaks
OD300_068,CANTEEN_W,525,520,DORM_E,1240,1080,外卖,0.51,1.2,242,12:02,251,12:11,251,1320,273,12:33,4.1833,4.1833,4.5500,normal,0,scenario_simulation,Generated SYSU Shenzhen daily takeout demand with lunch and dinner peaks
OD300_069,CANTEEN_W,525,520,DORM_E,1240,1080,外卖,1.12,2.3,242,12:02,247,12:07,247,1500,272,12:32,4.1167,4.1167,4.5333,normal,0,scenario_simulation,Generated SYSU Shenzhen daily takeout demand with lunch and dinner peaks
OD300_070,CANTEEN_W,525,520,DORM_E,1240,1080,外卖,1.23,2.6,242,12:02,250,12:10,250,1320,272,12:32,4.1667,4.1667,4.5333,normal,0,scenario_simulation,Generated SYSU Shenzhen daily takeout demand with lunch and dinner peaks
OD300_071,CANTEEN_E,1125,920,LIB,640,865,外卖,0.79,1.9,245,12:05,255,12:15,255,1200,275,12:35,4.2500,4.2500,4.5833,normal,0,scenario_simulation,Generated SYSU Shenzhen daily takeout demand with lunch and dinner peaks
OD300_072,RESTAURANT_X,720,715,DORM_W,267,768,外卖,0.91,3.1,246,12:06,255,12:15,255,1080,273,12:33,4.2500,4.2500,4.5500,normal,0,scenario_simulation,Generated SYSU Shenzhen daily takeout demand with lunch and dinner peaks
OD300_073,CANTEEN_W,525,520,DORM_W,267,768,外卖,0.70,1.8,248,12:08,257,12:17,257,1200,277,12:37,4.2833,4.2833,4.6167,normal,0,scenario_simulation,Generated SYSU Shenzhen daily takeout demand with lunch and dinner peaks
OD300_074,CANTEEN_W,525,520,DORM_E,1240,1080,外卖,0.54,1.7,249,12:09,254,12:14,254,1500,279,12:39,4.2333,4.2333,4.6500,normal,0,scenario_simulation,Generated SYSU Shenzhen daily takeout demand with lunch and dinner peaks
OD300_075,CANTEEN_W,525,520,DORM_W,267,768,外卖,0.54,1.6,249,12:09,255,12:15,255,1320,277,12:37,4.2500,4.2500,4.6167,normal,0,scenario_simulation,Generated SYSU Shenzhen daily takeout demand with lunch and dinner peaks
OD300_076,CANTEEN_E,1125,920,DORM_W,267,768,外卖,0.84,2.5,249,12:09,254,12:14,254,1200,274,12:34,4.2333,4.2333,4.5667,normal,0,scenario_simulation,Generated SYSU Shenzhen daily takeout demand with lunch and dinner peaks
OD300_077,CANTEEN_E,1125,920,DORM_W,267,768,外卖,0.84,2.5,250,12:10,259,12:19,259,900,274,12:34,4.3167,4.3167,4.5667,high,0,scenario_simulation,Generated SYSU Shenzhen daily takeout demand with lunch and dinner peaks
OD300_078,CANTEEN_E,1125,920,DORM_E,1240,1080,外卖,0.60,2.2,251,12:11,260,12:20,260,1320,282,12:42,4.3333,4.3333,4.7000,normal,0,scenario_simulation,Generated SYSU Shenzhen daily takeout demand with lunch and dinner peaks
OD300_079,RESTAURANT_X,720,715,DORM_E,1240,1080,外卖,0.73,2.1,251,12:11,257,12:17,257,1500,282,12:42,4.2833,4.2833,4.7000,normal,0,scenario_simulation,Generated SYSU Shenzhen daily takeout demand with lunch and dinner peaks
OD300_080,RESTAURANT_X,720,715,LIB,640,865,外卖,0.71,1.7,251,12:11,257,12:17,257,1320,279,12:39,4.2833,4.2833,4.6500,normal,0,scenario_simulation,Generated SYSU Shenzhen daily takeout demand with lunch and dinner peaks
OD300_081,CANTEEN_W,525,520,DORM_E,1240,1080,外卖,0.79,2.5,251,12:11,256,12:16,256,1200,276,12:36,4.2667,4.2667,4.6000,normal,0,scenario_simulation,Generated SYSU Shenzhen daily takeout demand with lunch and dinner peaks
OD300_082,CANTEEN_W,525,520,DORM_E,1240,1080,外卖,1.05,2.2,252,12:12,262,12:22,262,1080,280,12:40,4.3667,4.3667,4.6667,normal,0,scenario_simulation,Generated SYSU Shenzhen daily takeout demand with lunch and dinner peaks
OD300_083,RESTAURANT_X,720,715,DORM_W,267,768,外卖,1.00,2.5,252,12:12,257,12:17,257,1200,277,12:37,4.2833,4.2833,4.6167,normal,0,scenario_simulation,Generated SYSU Shenzhen daily takeout demand with lunch and dinner peaks
OD300_084,CANTEEN_E,1125,920,DORM_E,1240,1080,外卖,0.60,1.5,254,12:14,263,12:23,263,1320,285,12:45,4.3833,4.3833,4.7500,normal,0,scenario_simulation,Generated SYSU Shenzhen daily takeout demand with lunch and dinner peaks
OD300_085,RESTAURANT_X,720,715,DORM_W,267,768,外卖,0.54,1.7,255,12:15,263,12:23,263,1200,283,12:43,4.3833,4.3833,4.7167,normal,0,scenario_simulation,Generated SYSU Shenzhen daily takeout demand with lunch and dinner peaks
OD300_086,RESTAURANT_X,720,715,DORM_W,267,768,外卖,1.13,2.7,255,12:15,261,12:21,261,1080,279,12:39,4.3500,4.3500,4.6500,normal,0,scenario_simulation,Generated SYSU Shenzhen daily takeout demand with lunch and dinner peaks
OD300_087,CANTEEN_E,1125,920,LIB,640,865,外卖,0.38,1.5,256,12:16,261,12:21,261,1500,286,12:46,4.3500,4.3500,4.7667,normal,0,scenario_simulation,Generated SYSU Shenzhen daily takeout demand with lunch and dinner peaks
OD300_088,RESTAURANT_X,720,715,LIB,640,865,外卖,1.20,3.1,256,12:16,264,12:24,264,900,279,12:39,4.4000,4.4000,4.6500,high,0,scenario_simulation,Generated SYSU Shenzhen daily takeout demand with lunch and dinner peaks
OD300_089,GATE_S,800,160,DORM_E,1240,1080,外卖,0.66,2.0,258,12:18,268,12:28,268,1080,286,12:46,4.4667,4.4667,4.7667,normal,0,scenario_simulation,Generated SYSU Shenzhen daily takeout demand with lunch and dinner peaks
OD300_090,RESTAURANT_X,720,715,DORM_W,267,768,外卖,0.50,1.6,259,12:19,266,12:26,266,1500,291,12:51,4.4333,4.4333,4.8500,normal,0,scenario_simulation,Generated SYSU Shenzhen daily takeout demand with lunch and dinner peaks
OD300_091,GATE_S,800,160,LIB,640,865,外卖,0.51,1.6,259,12:19,266,12:26,266,1500,291,12:51,4.4333,4.4333,4.8500,normal,0,scenario_simulation,Generated SYSU Shenzhen daily takeout demand with lunch and dinner peaks
OD300_092,CANTEEN_W,525,520,DORM_W,267,768,外卖,0.87,1.7,261,12:21,269,12:29,269,1200,289,12:49,4.4833,4.4833,4.8167,normal,0,scenario_simulation,Generated SYSU Shenzhen daily takeout demand with lunch and dinner peaks
OD300_093,CANTEEN_E,1125,920,DORM_E,1240,1080,外卖,1.10,2.8,265,12:25,274,12:34,274,1200,294,12:54,4.5667,4.5667,4.9000,normal,0,scenario_simulation,Generated SYSU Shenzhen daily takeout demand with lunch and dinner peaks
OD300_094,CANTEEN_E,1125,920,DORM_E,1240,1080,外卖,0.83,2.1,267,12:27,277,12:37,277,1320,299,12:59,4.6167,4.6167,4.9833,normal,0,scenario_simulation,Generated SYSU Shenzhen daily takeout demand with lunch and dinner peaks
OD300_095,CANTEEN_E,1125,920,DORM_W,267,768,外卖,0.66,1.7,268,12:28,278,12:38,278,1200,298,12:58,4.6333,4.6333,4.9667,normal,0,scenario_simulation,Generated SYSU Shenzhen daily takeout demand with lunch and dinner peaks
OD300_096,RESTAURANT_X,720,715,DORM_E,1240,1080,外卖,0.80,1.6,271,12:31,280,12:40,280,1080,298,12:58,4.6667,4.6667,4.9667,normal,0,scenario_simulation,Generated SYSU Shenzhen daily takeout demand with lunch and dinner peaks
OD300_097,CANTEEN_W,525,520,DORM_E,1240,1080,外卖,0.57,1.6,273,12:33,282,12:42,282,1080,300,13:00,4.7000,4.7000,5.0000,normal,0,scenario_simulation,Generated SYSU Shenzhen daily takeout demand with lunch and dinner peaks
OD300_098,CANTEEN_W,525,520,DORM_W,267,768,外卖,0.81,2.2,274,12:34,280,12:40,280,1500,305,13:05,4.6667,4.6667,5.0833,normal,0,scenario_simulation,Generated SYSU Shenzhen daily takeout demand with lunch and dinner peaks
OD300_099,RESTAURANT_X,720,715,DORM_E,1240,1080,外卖,0.85,2.5,275,12:35,284,12:44,284,1320,306,13:06,4.7333,4.7333,5.1000,normal,0,scenario_simulation,Generated SYSU Shenzhen daily takeout demand with lunch and dinner peaks
OD300_100,CANTEEN_W,525,520,LIB,640,865,外卖,1.01,2.4,277,12:37,283,12:43,283,1320,305,13:05,4.7167,4.7167,5.0833,normal,0,scenario_simulation,Generated SYSU Shenzhen daily takeout demand with lunch and dinner peaks
OD300_101,CANTEEN_W,525,520,DORM_E,1240,1080,外卖,0.89,2.6,277,12:37,287,12:47,287,900,302,13:02,4.7833,4.7833,5.0333,high,0,scenario_simulation,Generated SYSU Shenzhen daily takeout demand with lunch and dinner peaks
OD300_102,GATE_S,800,160,DORM_E,1240,1080,外卖,1.30,3.4,278,12:38,287,12:47,287,1080,305,13:05,4.7833,4.7833,5.0833,normal,0,scenario_simulation,Generated SYSU Shenzhen daily takeout demand with lunch and dinner peaks
OD300_103,CANTEEN_E,1125,920,DORM_E,1240,1080,外卖,0.67,1.7,279,12:39,285,12:45,285,1500,310,13:10,4.7500,4.7500,5.1667,normal,0,scenario_simulation,Generated SYSU Shenzhen daily takeout demand with lunch and dinner peaks
OD300_104,CANTEEN_E,1125,920,DORM_E,1240,1080,外卖,0.91,2.1,280,12:40,287,12:47,287,1200,307,13:07,4.7833,4.7833,5.1167,normal,0,scenario_simulation,Generated SYSU Shenzhen daily takeout demand with lunch and dinner peaks
OD300_105,RESTAURANT_X,720,715,DORM_W,267,768,外卖,0.57,1.7,280,12:40,288,12:48,288,1200,308,13:08,4.8000,4.8000,5.1333,normal,0,scenario_simulation,Generated SYSU Shenzhen daily takeout demand with lunch and dinner peaks
OD300_106,CANTEEN_W,525,520,DORM_E,1240,1080,外卖,1.05,2.0,280,12:40,289,12:49,289,1080,307,13:07,4.8167,4.8167,5.1167,normal,0,scenario_simulation,Generated SYSU Shenzhen daily takeout demand with lunch and dinner peaks
OD300_107,CANTEEN_E,1125,920,DORM_W,267,768,外卖,0.94,2.2,281,12:41,290,12:50,290,1500,315,13:15,4.8333,4.8333,5.2500,normal,0,scenario_simulation,Generated SYSU Shenzhen daily takeout demand with lunch and dinner peaks
OD300_108,RESTAURANT_X,720,715,DORM_E,1240,1080,外卖,1.16,2.7,283,12:43,288,12:48,288,1500,313,13:13,4.8000,4.8000,5.2167,normal,0,scenario_simulation,Generated SYSU Shenzhen daily takeout demand with lunch and dinner peaks
OD300_109,CANTEEN_E,1125,920,LIB,640,865,外卖,0.92,2.5,284,12:44,291,12:51,291,900,306,13:06,4.8500,4.8500,5.1000,high,0,scenario_simulation,Generated SYSU Shenzhen daily takeout demand with lunch and dinner peaks
OD300_110,CANTEEN_E,1125,920,LIB,640,865,外卖,0.81,2.4,285,12:45,291,12:51,291,1320,313,13:13,4.8500,4.8500,5.2167,normal,0,scenario_simulation,Generated SYSU Shenzhen daily takeout demand with lunch and dinner peaks
OD300_111,CANTEEN_E,1125,920,DORM_W,267,768,外卖,1.23,2.6,287,12:47,293,12:53,293,1200,313,13:13,4.8833,4.8833,5.2167,normal,0,scenario_simulation,Generated SYSU Shenzhen daily takeout demand with lunch and dinner peaks
OD300_112,RESTAURANT_X,720,715,DORM_E,1240,1080,外卖,1.19,2.9,289,12:49,294,12:54,294,1200,314,13:14,4.9000,4.9000,5.2333,normal,0,scenario_simulation,Generated SYSU Shenzhen daily takeout demand with lunch and dinner peaks
OD300_113,CANTEEN_E,1125,920,DORM_E,1240,1080,外卖,0.81,2.7,291,12:51,300,13:00,300,900,315,13:15,5.0000,5.0000,5.2500,high,0,scenario_simulation,Generated SYSU Shenzhen daily takeout demand with lunch and dinner peaks
OD300_114,CANTEEN_E,1125,920,DORM_E,1240,1080,外卖,0.99,2.4,294,12:54,303,13:03,303,900,318,13:18,5.0500,5.0500,5.3000,high,0,scenario_simulation,Generated SYSU Shenzhen daily takeout demand with lunch and dinner peaks
OD300_115,CANTEEN_W,525,520,DORM_E,1240,1080,外卖,1.20,3.0,300,13:00,309,13:09,309,1320,331,13:31,5.1500,5.1500,5.5167,normal,0,scenario_simulation,Generated SYSU Shenzhen daily takeout demand with lunch and dinner peaks
OD300_116,CANTEEN_W,525,520,DORM_W,267,768,外卖,0.79,2.3,305,13:05,312,13:12,312,1200,332,13:32,5.2000,5.2000,5.5333,normal,0,scenario_simulation,Generated SYSU Shenzhen daily takeout demand with lunch and dinner peaks
OD300_117,CANTEEN_E,1125,920,DORM_W,267,768,外卖,0.59,1.6,305,13:05,311,13:11,311,900,326,13:26,5.1833,5.1833,5.4333,high,0,scenario_simulation,Generated SYSU Shenzhen daily takeout demand with lunch and dinner peaks
OD300_118,CANTEEN_W,525,520,DORM_E,1240,1080,外卖,0.53,2.1,313,13:13,322,13:22,322,1500,347,13:47,5.3667,5.3667,5.7833,normal,0,scenario_simulation,Generated SYSU Shenzhen daily takeout demand with lunch and dinner peaks
OD300_119,CANTEEN_W,525,520,DORM_E,1240,1080,外卖,0.48,1.4,321,13:21,329,13:29,329,1200,349,13:49,5.4833,5.4833,5.8167,normal,0,scenario_simulation,Generated SYSU Shenzhen daily takeout demand with lunch and dinner peaks
OD300_120,GATE_S,800,160,DORM_E,1240,1080,外卖,1.03,2.3,332,13:32,340,13:40,340,1320,362,14:02,5.6667,5.6667,6.0333,normal,0,scenario_simulation,Generated SYSU Shenzhen daily takeout demand with lunch and dinner peaks
OD300_121,CANTEEN_E,1125,920,DORM_W,267,768,外卖,1.12,3.0,333,13:33,343,13:43,343,1200,363,14:03,5.7167,5.7167,6.0500,normal,0,scenario_simulation,Generated SYSU Shenzhen daily takeout demand with lunch and dinner peaks
OD300_122,RESTAURANT_X,720,715,DORM_E,1240,1080,外卖,0.60,1.6,346,13:46,355,13:55,355,1200,375,14:15,5.9167,5.9167,6.2500,normal,0,scenario_simulation,Generated SYSU Shenzhen daily takeout demand with lunch and dinner peaks
OD300_123,CANTEEN_W,525,520,DORM_E,1240,1080,外卖,1.15,3.3,350,13:50,358,13:58,358,1200,378,14:18,5.9667,5.9667,6.3000,normal,0,scenario_simulation,Generated SYSU Shenzhen daily takeout demand with lunch and dinner peaks
OD300_124,CANTEEN_W,525,520,DORM_E,1240,1080,外卖,0.85,2.8,354,13:54,364,14:04,364,1080,382,14:22,6.0667,6.0667,6.3667,normal,0,scenario_simulation,Generated SYSU Shenzhen daily takeout demand with lunch and dinner peaks
OD300_125,CANTEEN_E,1125,920,DORM_W,267,768,外卖,0.38,1.1,356,13:56,364,14:04,364,1080,382,14:22,6.0667,6.0667,6.3667,normal,0,scenario_simulation,Generated SYSU Shenzhen daily takeout demand with lunch and dinner peaks
OD300_126,GATE_S,800,160,DORM_W,267,768,外卖,0.95,2.6,356,13:56,362,14:02,362,1200,382,14:22,6.0333,6.0333,6.3667,normal,0,scenario_simulation,Generated SYSU Shenzhen daily takeout demand with lunch and dinner peaks
OD300_127,CANTEEN_E,1125,920,DORM_E,1240,1080,外卖,1.00,2.5,363,14:03,371,14:11,371,1320,393,14:33,6.1833,6.1833,6.5500,normal,0,scenario_simulation,Generated SYSU Shenzhen daily takeout demand with lunch and dinner peaks
OD300_128,CANTEEN_W,525,520,DORM_W,267,768,外卖,0.79,2.5,372,14:12,382,14:22,382,1320,404,14:44,6.3667,6.3667,6.7333,normal,0,scenario_simulation,Generated SYSU Shenzhen daily takeout demand with lunch and dinner peaks
OD300_129,CANTEEN_E,1125,920,LIB,640,865,外卖,1.17,3.0,384,14:24,393,14:33,393,1200,413,14:53,6.5500,6.5500,6.8833,normal,0,scenario_simulation,Generated SYSU Shenzhen daily takeout demand with lunch and dinner peaks
OD300_130,CANTEEN_W,525,520,DORM_E,1240,1080,外卖,1.08,2.4,403,14:43,410,14:50,410,1080,428,15:08,6.8333,6.8333,7.1333,normal,0,scenario_simulation,Generated SYSU Shenzhen daily takeout demand with lunch and dinner peaks
OD300_131,CANTEEN_E,1125,920,LIB,640,865,外卖,0.91,2.2,406,14:46,413,14:53,413,1500,438,15:18,6.8833,6.8833,7.3000,normal,0,scenario_simulation,Generated SYSU Shenzhen daily takeout demand with lunch and dinner peaks
OD300_132,RESTAURANT_X,720,715,DORM_E,1240,1080,外卖,0.31,1.0,429,15:09,438,15:18,438,1500,463,15:43,7.3000,7.3000,7.7167,normal,0,scenario_simulation,Generated SYSU Shenzhen daily takeout demand with lunch and dinner peaks
OD300_133,CANTEEN_W,525,520,DORM_E,1240,1080,外卖,0.51,1.2,436,15:16,445,15:25,445,1080,463,15:43,7.4167,7.4167,7.7167,normal,0,scenario_simulation,Generated SYSU Shenzhen daily takeout demand with lunch and dinner peaks
OD300_134,CANTEEN_E,1125,920,DORM_E,1240,1080,外卖,0.56,2.0,438,15:18,443,15:23,443,1320,465,15:45,7.3833,7.3833,7.7500,normal,0,scenario_simulation,Generated SYSU Shenzhen daily takeout demand with lunch and dinner peaks
OD300_135,RESTAURANT_X,720,715,DORM_W,267,768,外卖,0.95,3.0,439,15:19,445,15:25,445,900,460,15:40,7.4167,7.4167,7.6667,high,0,scenario_simulation,Generated SYSU Shenzhen daily takeout demand with lunch and dinner peaks
OD300_136,CANTEEN_E,1125,920,DORM_E,1240,1080,外卖,0.60,1.6,444,15:24,450,15:30,450,1320,472,15:52,7.5000,7.5000,7.8667,normal,0,scenario_simulation,Generated SYSU Shenzhen daily takeout demand with lunch and dinner peaks
OD300_137,CANTEEN_W,525,520,DORM_W,267,768,外卖,0.75,1.9,444,15:24,450,15:30,450,1320,472,15:52,7.5000,7.5000,7.8667,normal,0,scenario_simulation,Generated SYSU Shenzhen daily takeout demand with lunch and dinner peaks
OD300_138,CANTEEN_E,1125,920,DORM_E,1240,1080,外卖,0.55,1.6,445,15:25,450,15:30,450,1320,472,15:52,7.5000,7.5000,7.8667,normal,0,scenario_simulation,Generated SYSU Shenzhen daily takeout demand with lunch and dinner peaks
OD300_139,CANTEEN_W,525,520,LIB,640,865,外卖,1.18,3.7,453,15:33,460,15:40,460,1500,485,16:05,7.6667,7.6667,8.0833,normal,0,scenario_simulation,Generated SYSU Shenzhen daily takeout demand with lunch and dinner peaks
OD300_140,CANTEEN_E,1125,920,DORM_E,1240,1080,外卖,0.84,1.9,468,15:48,475,15:55,475,1080,493,16:13,7.9167,7.9167,8.2167,normal,0,scenario_simulation,Generated SYSU Shenzhen daily takeout demand with lunch and dinner peaks
OD300_141,CANTEEN_W,525,520,LIB,640,865,外卖,1.15,3.3,468,15:48,473,15:53,473,1500,498,16:18,7.8833,7.8833,8.3000,normal,0,scenario_simulation,Generated SYSU Shenzhen daily takeout demand with lunch and dinner peaks
OD300_142,CANTEEN_E,1125,920,DORM_E,1240,1080,外卖,0.97,2.5,478,15:58,484,16:04,484,1320,506,16:26,8.0667,8.0667,8.4333,normal,0,scenario_simulation,Generated SYSU Shenzhen daily takeout demand with lunch and dinner peaks
OD300_143,RESTAURANT_X,720,715,LIB,640,865,外卖,1.01,2.0,480,16:00,488,16:08,488,900,503,16:23,8.1333,8.1333,8.3833,high,0,scenario_simulation,Generated SYSU Shenzhen daily takeout demand with lunch and dinner peaks
OD300_144,RESTAURANT_X,720,715,LIB,640,865,外卖,0.71,2.5,485,16:05,491,16:11,491,1080,509,16:29,8.1833,8.1833,8.4833,normal,0,scenario_simulation,Generated SYSU Shenzhen daily takeout demand with lunch and dinner peaks
OD300_145,GATE_S,800,160,DORM_E,1240,1080,外卖,0.77,2.0,487,16:07,496,16:16,496,1200,516,16:36,8.2667,8.2667,8.6000,normal,0,scenario_simulation,Generated SYSU Shenzhen daily takeout demand with lunch and dinner peaks
OD300_146,CANTEEN_E,1125,920,LIB,640,865,外卖,1.17,2.7,492,16:12,500,16:20,500,1200,520,16:40,8.3333,8.3333,8.6667,normal,0,scenario_simulation,Generated SYSU Shenzhen daily takeout demand with lunch and dinner peaks
OD300_147,GATE_S,800,160,LIB,640,865,外卖,1.17,2.8,496,16:16,502,16:22,502,1080,520,16:40,8.3667,8.3667,8.6667,normal,0,scenario_simulation,Generated SYSU Shenzhen daily takeout demand with lunch and dinner peaks
OD300_148,CANTEEN_W,525,520,DORM_E,1240,1080,外卖,0.80,1.7,499,16:19,505,16:25,505,1080,523,16:43,8.4167,8.4167,8.7167,normal,0,scenario_simulation,Generated SYSU Shenzhen daily takeout demand with lunch and dinner peaks
OD300_149,RESTAURANT_X,720,715,DORM_E,1240,1080,外卖,0.53,1.8,501,16:21,507,16:27,507,1200,527,16:47,8.4500,8.4500,8.7833,normal,0,scenario_simulation,Generated SYSU Shenzhen daily takeout demand with lunch and dinner peaks
OD300_150,RESTAURANT_X,720,715,DORM_E,1240,1080,外卖,0.63,1.7,504,16:24,510,16:30,510,1500,535,16:55,8.5000,8.5000,8.9167,normal,0,scenario_simulation,Generated SYSU Shenzhen daily takeout demand with lunch and dinner peaks
OD300_151,RESTAURANT_X,720,715,LIB,640,865,外卖,0.66,1.7,511,16:31,520,16:40,520,1200,540,17:00,8.6667,8.6667,9.0000,normal,0,scenario_simulation,Generated SYSU Shenzhen daily takeout demand with lunch and dinner peaks
OD300_152,CANTEEN_W,525,520,DORM_E,1240,1080,外卖,1.07,2.6,540,17:00,549,17:09,549,1080,567,17:27,9.1500,9.1500,9.4500,normal,0,scenario_simulation,Generated SYSU Shenzhen daily takeout demand with lunch and dinner peaks
OD300_153,CANTEEN_W,525,520,DORM_E,1240,1080,外卖,0.80,2.7,544,17:04,554,17:14,554,1200,574,17:34,9.2333,9.2333,9.5667,normal,0,scenario_simulation,Generated SYSU Shenzhen daily takeout demand with lunch and dinner peaks
OD300_154,CANTEEN_W,525,520,DORM_E,1240,1080,外卖,0.39,0.9,547,17:07,555,17:15,555,900,570,17:30,9.2500,9.2500,9.5000,high,0,scenario_simulation,Generated SYSU Shenzhen daily takeout demand with lunch and dinner peaks
OD300_155,CANTEEN_W,525,520,LIB,640,865,外卖,1.18,2.3,548,17:08,554,17:14,554,900,569,17:29,9.2333,9.2333,9.4833,high,0,scenario_simulation,Generated SYSU Shenzhen daily takeout demand with lunch and dinner peaks
OD300_156,RESTAURANT_X,720,715,DORM_W,267,768,外卖,0.64,1.9,551,17:11,561,17:21,561,1080,579,17:39,9.3500,9.3500,9.6500,normal,0,scenario_simulation,Generated SYSU Shenzhen daily takeout demand with lunch and dinner peaks
OD300_157,RESTAURANT_X,720,715,DORM_W,267,768,外卖,0.83,2.5,551,17:11,561,17:21,561,1200,581,17:41,9.3500,9.3500,9.6833,normal,0,scenario_simulation,Generated SYSU Shenzhen daily takeout demand with lunch and dinner peaks
OD300_158,CANTEEN_E,1125,920,DORM_W,267,768,外卖,1.17,2.6,551,17:11,556,17:16,556,1080,574,17:34,9.2667,9.2667,9.5667,normal,0,scenario_simulation,Generated SYSU Shenzhen daily takeout demand with lunch and dinner peaks
OD300_159,CANTEEN_W,525,520,DORM_E,1240,1080,外卖,0.41,1.4,553,17:13,559,17:19,559,1500,584,17:44,9.3167,9.3167,9.7333,normal,0,scenario_simulation,Generated SYSU Shenzhen daily takeout demand with lunch and dinner peaks
OD300_160,CANTEEN_W,525,520,DORM_W,267,768,外卖,0.61,2.0,553,17:13,562,17:22,562,1320,584,17:44,9.3667,9.3667,9.7333,normal,0,scenario_simulation,Generated SYSU Shenzhen daily takeout demand with lunch and dinner peaks
OD300_161,CANTEEN_E,1125,920,DORM_W,267,768,外卖,0.94,2.5,557,17:17,565,17:25,565,1500,590,17:50,9.4167,9.4167,9.8333,normal,0,scenario_simulation,Generated SYSU Shenzhen daily takeout demand with lunch and dinner peaks
OD300_162,CANTEEN_E,1125,920,DORM_E,1240,1080,外卖,0.71,1.6,558,17:18,564,17:24,564,900,579,17:39,9.4000,9.4000,9.6500,high,0,scenario_simulation,Generated SYSU Shenzhen daily takeout demand with lunch and dinner peaks
OD300_163,CANTEEN_W,525,520,DORM_W,267,768,外卖,0.53,1.6,559,17:19,568,17:28,568,900,583,17:43,9.4667,9.4667,9.7167,high,0,scenario_simulation,Generated SYSU Shenzhen daily takeout demand with lunch and dinner peaks
OD300_164,CANTEEN_E,1125,920,DORM_E,1240,1080,外卖,1.01,2.2,561,17:21,568,17:28,568,1200,588,17:48,9.4667,9.4667,9.8000,normal,0,scenario_simulation,Generated SYSU Shenzhen daily takeout demand with lunch and dinner peaks
OD300_165,CANTEEN_W,525,520,DORM_W,267,768,外卖,0.82,2.3,563,17:23,568,17:28,568,1320,590,17:50,9.4667,9.4667,9.8333,normal,0,scenario_simulation,Generated SYSU Shenzhen daily takeout demand with lunch and dinner peaks
OD300_166,CANTEEN_W,525,520,DORM_E,1240,1080,外卖,0.97,2.9,563,17:23,573,17:33,573,1080,591,17:51,9.5500,9.5500,9.8500,normal,0,scenario_simulation,Generated SYSU Shenzhen daily takeout demand with lunch and dinner peaks
OD300_167,RESTAURANT_X,720,715,DORM_W,267,768,外卖,0.65,2.5,564,17:24,569,17:29,569,1320,591,17:51,9.4833,9.4833,9.8500,normal,0,scenario_simulation,Generated SYSU Shenzhen daily takeout demand with lunch and dinner peaks
OD300_168,CANTEEN_E,1125,920,DORM_W,267,768,外卖,0.36,0.9,565,17:25,572,17:32,572,1200,592,17:52,9.5333,9.5333,9.8667,normal,0,scenario_simulation,Generated SYSU Shenzhen daily takeout demand with lunch and dinner peaks
OD300_169,RESTAURANT_X,720,715,DORM_E,1240,1080,外卖,0.75,2.4,565,17:25,575,17:35,575,900,590,17:50,9.5833,9.5833,9.8333,high,0,scenario_simulation,Generated SYSU Shenzhen daily takeout demand with lunch and dinner peaks
OD300_170,CANTEEN_W,525,520,DORM_W,267,768,外卖,1.13,3.3,568,17:28,573,17:33,573,1500,598,17:58,9.5500,9.5500,9.9667,normal,0,scenario_simulation,Generated SYSU Shenzhen daily takeout demand with lunch and dinner peaks
OD300_171,CANTEEN_W,525,520,DORM_W,267,768,外卖,1.00,2.7,569,17:29,579,17:39,579,900,594,17:54,9.6500,9.6500,9.9000,high,0,scenario_simulation,Generated SYSU Shenzhen daily takeout demand with lunch and dinner peaks
OD300_172,CANTEEN_W,525,520,DORM_W,267,768,外卖,0.62,1.8,569,17:29,574,17:34,574,1320,596,17:56,9.5667,9.5667,9.9333,normal,0,scenario_simulation,Generated SYSU Shenzhen daily takeout demand with lunch and dinner peaks
OD300_173,CANTEEN_W,525,520,DORM_W,267,768,外卖,0.94,2.0,570,17:30,577,17:37,577,1080,595,17:55,9.6167,9.6167,9.9167,normal,0,scenario_simulation,Generated SYSU Shenzhen daily takeout demand with lunch and dinner peaks
OD300_174,CANTEEN_E,1125,920,DORM_E,1240,1080,外卖,0.64,2.2,571,17:31,578,17:38,578,1080,596,17:56,9.6333,9.6333,9.9333,normal,0,scenario_simulation,Generated SYSU Shenzhen daily takeout demand with lunch and dinner peaks
OD300_175,RESTAURANT_X,720,715,DORM_E,1240,1080,外卖,0.77,2.2,572,17:32,579,17:39,579,1320,601,18:01,9.6500,9.6500,10.0167,normal,0,scenario_simulation,Generated SYSU Shenzhen daily takeout demand with lunch and dinner peaks
OD300_176,CANTEEN_W,525,520,DORM_E,1240,1080,外卖,0.61,1.5,572,17:32,582,17:42,582,1320,604,18:04,9.7000,9.7000,10.0667,normal,0,scenario_simulation,Generated SYSU Shenzhen daily takeout demand with lunch and dinner peaks
OD300_177,CANTEEN_W,525,520,DORM_W,267,768,外卖,0.64,2.0,574,17:34,581,17:41,581,900,596,17:56,9.6833,9.6833,9.9333,high,0,scenario_simulation,Generated SYSU Shenzhen daily takeout demand with lunch and dinner peaks
OD300_178,CANTEEN_E,1125,920,DORM_W,267,768,外卖,0.54,1.7,576,17:36,581,17:41,581,1200,601,18:01,9.6833,9.6833,10.0167,normal,0,scenario_simulation,Generated SYSU Shenzhen daily takeout demand with lunch and dinner peaks
OD300_179,CANTEEN_E,1125,920,DORM_W,267,768,外卖,0.59,1.8,577,17:37,586,17:46,586,1200,606,18:06,9.7667,9.7667,10.1000,normal,0,scenario_simulation,Generated SYSU Shenzhen daily takeout demand with lunch and dinner peaks
OD300_180,CANTEEN_E,1125,920,LIB,640,865,外卖,0.27,1.1,577,17:37,582,17:42,582,1320,604,18:04,9.7000,9.7000,10.0667,normal,0,scenario_simulation,Generated SYSU Shenzhen daily takeout demand with lunch and dinner peaks
OD300_181,CANTEEN_E,1125,920,DORM_W,267,768,外卖,1.34,3.5,578,17:38,585,17:45,585,1080,603,18:03,9.7500,9.7500,10.0500,normal,0,scenario_simulation,Generated SYSU Shenzhen daily takeout demand with lunch and dinner peaks
OD300_182,CANTEEN_W,525,520,LIB,640,865,外卖,0.83,2.1,578,17:38,587,17:47,587,1200,607,18:07,9.7833,9.7833,10.1167,normal,0,scenario_simulation,Generated SYSU Shenzhen daily takeout demand with lunch and dinner peaks
OD300_183,RESTAURANT_X,720,715,DORM_E,1240,1080,外卖,0.63,2.1,579,17:39,588,17:48,588,1080,606,18:06,9.8000,9.8000,10.1000,normal,0,scenario_simulation,Generated SYSU Shenzhen daily takeout demand with lunch and dinner peaks
OD300_184,CANTEEN_E,1125,920,DORM_E,1240,1080,外卖,0.67,1.6,579,17:39,586,17:46,586,1500,611,18:11,9.7667,9.7667,10.1833,normal,0,scenario_simulation,Generated SYSU Shenzhen daily takeout demand with lunch and dinner peaks
OD300_185,CANTEEN_W,525,520,DORM_W,267,768,外卖,0.73,2.3,580,17:40,585,17:45,585,1320,607,18:07,9.7500,9.7500,10.1167,normal,0,scenario_simulation,Generated SYSU Shenzhen daily takeout demand with lunch and dinner peaks
OD300_186,CANTEEN_E,1125,920,LIB,640,865,外卖,0.88,2.3,580,17:40,587,17:47,587,1200,607,18:07,9.7833,9.7833,10.1167,normal,0,scenario_simulation,Generated SYSU Shenzhen daily takeout demand with lunch and dinner peaks
OD300_187,CANTEEN_W,525,520,DORM_W,267,768,外卖,1.00,2.5,581,17:41,588,17:48,588,1500,613,18:13,9.8000,9.8000,10.2167,normal,0,scenario_simulation,Generated SYSU Shenzhen daily takeout demand with lunch and dinner peaks
OD300_188,CANTEEN_W,525,520,DORM_W,267,768,外卖,0.77,2.4,583,17:43,589,17:49,589,1320,611,18:11,9.8167,9.8167,10.1833,normal,0,scenario_simulation,Generated SYSU Shenzhen daily takeout demand with lunch and dinner peaks
OD300_189,CANTEEN_E,1125,920,DORM_E,1240,1080,外卖,1.02,2.7,584,17:44,594,17:54,594,1080,612,18:12,9.9000,9.9000,10.2000,normal,0,scenario_simulation,Generated SYSU Shenzhen daily takeout demand with lunch and dinner peaks
OD300_190,CANTEEN_W,525,520,LIB,640,865,外卖,0.62,1.8,584,17:44,594,17:54,594,1200,614,18:14,9.9000,9.9000,10.2333,normal,0,scenario_simulation,Generated SYSU Shenzhen daily takeout demand with lunch and dinner peaks
OD300_191,CANTEEN_E,1125,920,DORM_W,267,768,外卖,0.56,1.5,584,17:44,592,17:52,592,1500,617,18:17,9.8667,9.8667,10.2833,normal,0,scenario_simulation,Generated SYSU Shenzhen daily takeout demand with lunch and dinner peaks
OD300_192,CANTEEN_W,525,520,DORM_W,267,768,外卖,0.99,2.1,584,17:44,590,17:50,590,900,605,18:05,9.8333,9.8333,10.0833,high,0,scenario_simulation,Generated SYSU Shenzhen daily takeout demand with lunch and dinner peaks
OD300_193,CANTEEN_W,525,520,DORM_W,267,768,外卖,0.79,1.7,585,17:45,590,17:50,590,1320,612,18:12,9.8333,9.8333,10.2000,normal,0,scenario_simulation,Generated SYSU Shenzhen daily takeout demand with lunch and dinner peaks
OD300_194,RESTAURANT_X,720,715,DORM_E,1240,1080,外卖,0.70,2.3,586,17:46,595,17:55,595,900,610,18:10,9.9167,9.9167,10.1667,high,0,scenario_simulation,Generated SYSU Shenzhen daily takeout demand with lunch and dinner peaks
OD300_195,CANTEEN_E,1125,920,DORM_W,267,768,外卖,0.91,1.7,586,17:46,593,17:53,593,900,608,18:08,9.8833,9.8833,10.1333,high,0,scenario_simulation,Generated SYSU Shenzhen daily takeout demand with lunch and dinner peaks
OD300_196,RESTAURANT_X,720,715,DORM_E,1240,1080,外卖,1.41,2.9,587,17:47,593,17:53,593,1200,613,18:13,9.8833,9.8833,10.2167,normal,0,scenario_simulation,Generated SYSU Shenzhen daily takeout demand with lunch and dinner peaks
OD300_197,CANTEEN_E,1125,920,LIB,640,865,外卖,0.34,1.0,587,17:47,597,17:57,597,1500,622,18:22,9.9500,9.9500,10.3667,normal,0,scenario_simulation,Generated SYSU Shenzhen daily takeout demand with lunch and dinner peaks
OD300_198,CANTEEN_E,1125,920,LIB,640,865,外卖,1.03,2.5,589,17:49,599,17:59,599,1200,619,18:19,9.9833,9.9833,10.3167,normal,0,scenario_simulation,Generated SYSU Shenzhen daily takeout demand with lunch and dinner peaks
OD300_199,CANTEEN_W,525,520,DORM_E,1240,1080,外卖,0.70,2.5,589,17:49,594,17:54,594,1200,614,18:14,9.9000,9.9000,10.2333,normal,0,scenario_simulation,Generated SYSU Shenzhen daily takeout demand with lunch and dinner peaks
OD300_200,GATE_S,800,160,DORM_E,1240,1080,外卖,0.84,1.6,591,17:51,597,17:57,597,1320,619,18:19,9.9500,9.9500,10.3167,normal,0,scenario_simulation,Generated SYSU Shenzhen daily takeout demand with lunch and dinner peaks
OD300_201,CANTEEN_E,1125,920,DORM_W,267,768,外卖,0.40,1.6,592,17:52,599,17:59,599,1200,619,18:19,9.9833,9.9833,10.3167,normal,0,scenario_simulation,Generated SYSU Shenzhen daily takeout demand with lunch and dinner peaks
OD300_202,CANTEEN_W,525,520,DORM_W,267,768,外卖,0.75,2.0,592,17:52,601,18:01,601,1320,623,18:23,10.0167,10.0167,10.3833,normal,0,scenario_simulation,Generated SYSU Shenzhen daily takeout demand with lunch and dinner peaks
OD300_203,RESTAURANT_X,720,715,DORM_W,267,768,外卖,1.14,3.2,593,17:53,603,18:03,603,1200,623,18:23,10.0500,10.0500,10.3833,normal,0,scenario_simulation,Generated SYSU Shenzhen daily takeout demand with lunch and dinner peaks
OD300_204,CANTEEN_E,1125,920,DORM_W,267,768,外卖,0.65,2.1,593,17:53,602,18:02,602,1080,620,18:20,10.0333,10.0333,10.3333,normal,0,scenario_simulation,Generated SYSU Shenzhen daily takeout demand with lunch and dinner peaks
OD300_205,CANTEEN_W,525,520,DORM_W,267,768,外卖,0.55,1.2,595,17:55,603,18:03,603,1200,623,18:23,10.0500,10.0500,10.3833,normal,0,scenario_simulation,Generated SYSU Shenzhen daily takeout demand with lunch and dinner peaks
OD300_206,CANTEEN_W,525,520,LIB,640,865,外卖,1.30,3.9,596,17:56,602,18:02,602,900,617,18:17,10.0333,10.0333,10.2833,high,0,scenario_simulation,Generated SYSU Shenzhen daily takeout demand with lunch and dinner peaks
OD300_207,CANTEEN_E,1125,920,LIB,640,865,外卖,0.96,2.2,597,17:57,603,18:03,603,1500,628,18:28,10.0500,10.0500,10.4667,normal,0,scenario_simulation,Generated SYSU Shenzhen daily takeout demand with lunch and dinner peaks
OD300_208,CANTEEN_E,1125,920,DORM_W,267,768,外卖,0.63,1.8,599,17:59,605,18:05,605,1320,627,18:27,10.0833,10.0833,10.4500,normal,0,scenario_simulation,Generated SYSU Shenzhen daily takeout demand with lunch and dinner peaks
OD300_209,RESTAURANT_X,720,715,LIB,640,865,外卖,0.42,1.4,599,17:59,608,18:08,608,900,623,18:23,10.1333,10.1333,10.3833,high,0,scenario_simulation,Generated SYSU Shenzhen daily takeout demand with lunch and dinner peaks
OD300_210,CANTEEN_E,1125,920,DORM_W,267,768,外卖,1.11,2.7,601,18:01,610,18:10,610,1320,632,18:32,10.1667,10.1667,10.5333,normal,0,scenario_simulation,Generated SYSU Shenzhen daily takeout demand with lunch and dinner peaks
OD300_211,RESTAURANT_X,720,715,DORM_W,267,768,外卖,1.01,2.4,601,18:01,611,18:11,611,900,626,18:26,10.1833,10.1833,10.4333,high,0,scenario_simulation,Generated SYSU Shenzhen daily takeout demand with lunch and dinner peaks
OD300_212,CANTEEN_E,1125,920,DORM_E,1240,1080,外卖,0.69,2.0,602,18:02,611,18:11,611,900,626,18:26,10.1833,10.1833,10.4333,high,0,scenario_simulation,Generated SYSU Shenzhen daily takeout demand with lunch and dinner peaks
OD300_213,CANTEEN_E,1125,920,DORM_E,1240,1080,外卖,0.93,2.1,603,18:03,610,18:10,610,1080,628,18:28,10.1667,10.1667,10.4667,normal,0,scenario_simulation,Generated SYSU Shenzhen daily takeout demand with lunch and dinner peaks
OD300_214,CANTEEN_W,525,520,DORM_E,1240,1080,外卖,0.53,1.8,603,18:03,610,18:10,610,1080,628,18:28,10.1667,10.1667,10.4667,normal,0,scenario_simulation,Generated SYSU Shenzhen daily takeout demand with lunch and dinner peaks
OD300_215,CANTEEN_W,525,520,DORM_E,1240,1080,外卖,1.04,3.0,603,18:03,610,18:10,610,1080,628,18:28,10.1667,10.1667,10.4667,normal,0,scenario_simulation,Generated SYSU Shenzhen daily takeout demand with lunch and dinner peaks
OD300_216,CANTEEN_E,1125,920,DORM_E,1240,1080,外卖,0.96,2.0,603,18:03,612,18:12,612,1080,630,18:30,10.2000,10.2000,10.5000,normal,0,scenario_simulation,Generated SYSU Shenzhen daily takeout demand with lunch and dinner peaks
OD300_217,RESTAURANT_X,720,715,DORM_W,267,768,外卖,0.70,1.7,604,18:04,613,18:13,613,1320,635,18:35,10.2167,10.2167,10.5833,normal,0,scenario_simulation,Generated SYSU Shenzhen daily takeout demand with lunch and dinner peaks
OD300_218,CANTEEN_W,525,520,DORM_E,1240,1080,外卖,1.14,2.8,604,18:04,611,18:11,611,900,626,18:26,10.1833,10.1833,10.4333,high,0,scenario_simulation,Generated SYSU Shenzhen daily takeout demand with lunch and dinner peaks
OD300_219,CANTEEN_W,525,520,DORM_W,267,768,外卖,0.82,2.2,604,18:04,610,18:10,610,1320,632,18:32,10.1667,10.1667,10.5333,normal,0,scenario_simulation,Generated SYSU Shenzhen daily takeout demand with lunch and dinner peaks
OD300_220,RESTAURANT_X,720,715,DORM_W,267,768,外卖,0.92,3.0,605,18:05,612,18:12,612,1200,632,18:32,10.2000,10.2000,10.5333,normal,0,scenario_simulation,Generated SYSU Shenzhen daily takeout demand with lunch and dinner peaks
OD300_221,RESTAURANT_X,720,715,DORM_W,267,768,外卖,0.90,1.8,608,18:08,618,18:18,618,1320,640,18:40,10.3000,10.3000,10.6667,normal,0,scenario_simulation,Generated SYSU Shenzhen daily takeout demand with lunch and dinner peaks
OD300_222,CANTEEN_W,525,520,DORM_W,267,768,外卖,0.88,2.7,608,18:08,614,18:14,614,1320,636,18:36,10.2333,10.2333,10.6000,normal,0,scenario_simulation,Generated SYSU Shenzhen daily takeout demand with lunch and dinner peaks
OD300_223,CANTEEN_E,1125,920,LIB,640,865,外卖,1.02,2.7,609,18:09,618,18:18,618,900,633,18:33,10.3000,10.3000,10.5500,high,0,scenario_simulation,Generated SYSU Shenzhen daily takeout demand with lunch and dinner peaks
OD300_224,RESTAURANT_X,720,715,DORM_E,1240,1080,外卖,0.57,1.8,609,18:09,614,18:14,614,1500,639,18:39,10.2333,10.2333,10.6500,normal,0,scenario_simulation,Generated SYSU Shenzhen daily takeout demand with lunch and dinner peaks
OD300_225,CANTEEN_W,525,520,DORM_W,267,768,外卖,0.82,1.6,610,18:10,620,18:20,620,900,635,18:35,10.3333,10.3333,10.5833,high,0,scenario_simulation,Generated SYSU Shenzhen daily takeout demand with lunch and dinner peaks
OD300_226,CANTEEN_W,525,520,DORM_W,267,768,外卖,0.70,1.8,611,18:11,619,18:19,619,900,634,18:34,10.3167,10.3167,10.5667,high,0,scenario_simulation,Generated SYSU Shenzhen daily takeout demand with lunch and dinner peaks
OD300_227,CANTEEN_W,525,520,DORM_E,1240,1080,外卖,1.20,3.3,612,18:12,618,18:18,618,1080,636,18:36,10.3000,10.3000,10.6000,normal,0,scenario_simulation,Generated SYSU Shenzhen daily takeout demand with lunch and dinner peaks
OD300_228,CANTEEN_W,525,520,DORM_E,1240,1080,外卖,1.11,3.3,612,18:12,617,18:17,617,900,632,18:32,10.2833,10.2833,10.5333,high,0,scenario_simulation,Generated SYSU Shenzhen daily takeout demand with lunch and dinner peaks
OD300_229,CANTEEN_W,525,520,DORM_E,1240,1080,外卖,0.34,1.6,613,18:13,621,18:21,621,1080,639,18:39,10.3500,10.3500,10.6500,normal,0,scenario_simulation,Generated SYSU Shenzhen daily takeout demand with lunch and dinner peaks
OD300_230,CANTEEN_E,1125,920,DORM_E,1240,1080,外卖,0.79,2.3,614,18:14,622,18:22,622,1080,640,18:40,10.3667,10.3667,10.6667,normal,0,scenario_simulation,Generated SYSU Shenzhen daily takeout demand with lunch and dinner peaks
OD300_231,CANTEEN_E,1125,920,DORM_W,267,768,外卖,0.69,1.6,614,18:14,622,18:22,622,900,637,18:37,10.3667,10.3667,10.6167,high,0,scenario_simulation,Generated SYSU Shenzhen daily takeout demand with lunch and dinner peaks
OD300_232,CANTEEN_W,525,520,DORM_E,1240,1080,外卖,0.75,2.0,615,18:15,625,18:25,625,1200,645,18:45,10.4167,10.4167,10.7500,normal,0,scenario_simulation,Generated SYSU Shenzhen daily takeout demand with lunch and dinner peaks
OD300_233,CANTEEN_E,1125,920,LIB,640,865,外卖,0.97,2.3,615,18:15,621,18:21,621,1080,639,18:39,10.3500,10.3500,10.6500,normal,0,scenario_simulation,Generated SYSU Shenzhen daily takeout demand with lunch and dinner peaks
OD300_234,CANTEEN_E,1125,920,DORM_E,1240,1080,外卖,0.55,1.3,615,18:15,623,18:23,623,900,638,18:38,10.3833,10.3833,10.6333,high,0,scenario_simulation,Generated SYSU Shenzhen daily takeout demand with lunch and dinner peaks
OD300_235,CANTEEN_W,525,520,LIB,640,865,外卖,0.79,2.1,616,18:16,624,18:24,624,1500,649,18:49,10.4000,10.4000,10.8167,normal,0,scenario_simulation,Generated SYSU Shenzhen daily takeout demand with lunch and dinner peaks
OD300_236,CANTEEN_E,1125,920,DORM_W,267,768,外卖,0.87,1.7,616,18:16,621,18:21,621,1500,646,18:46,10.3500,10.3500,10.7667,normal,0,scenario_simulation,Generated SYSU Shenzhen daily takeout demand with lunch and dinner peaks
OD300_237,CANTEEN_E,1125,920,DORM_E,1240,1080,外卖,1.33,2.6,619,18:19,629,18:29,629,1200,649,18:49,10.4833,10.4833,10.8167,normal,0,scenario_simulation,Generated SYSU Shenzhen daily takeout demand with lunch and dinner peaks
OD300_238,RESTAURANT_X,720,715,DORM_W,267,768,外卖,0.83,2.0,621,18:21,631,18:31,631,1080,649,18:49,10.5167,10.5167,10.8167,normal,0,scenario_simulation,Generated SYSU Shenzhen daily takeout demand with lunch and dinner peaks
OD300_239,CANTEEN_W,525,520,DORM_E,1240,1080,外卖,0.81,2.1,623,18:23,629,18:29,629,1080,647,18:47,10.4833,10.4833,10.7833,normal,0,scenario_simulation,Generated SYSU Shenzhen daily takeout demand with lunch and dinner peaks
OD300_240,RESTAURANT_X,720,715,DORM_W,267,768,外卖,0.51,1.6,623,18:23,630,18:30,630,1080,648,18:48,10.5000,10.5000,10.8000,normal,0,scenario_simulation,Generated SYSU Shenzhen daily takeout demand with lunch and dinner peaks
OD300_241,CANTEEN_E,1125,920,DORM_W,267,768,外卖,0.40,1.5,626,18:26,631,18:31,631,1500,656,18:56,10.5167,10.5167,10.9333,normal,0,scenario_simulation,Generated SYSU Shenzhen daily takeout demand with lunch and dinner peaks
OD300_242,RESTAURANT_X,720,715,DORM_W,267,768,外卖,0.78,1.6,627,18:27,636,18:36,636,1500,661,19:01,10.6000,10.6000,11.0167,normal,0,scenario_simulation,Generated SYSU Shenzhen daily takeout demand with lunch and dinner peaks
OD300_243,CANTEEN_W,525,520,DORM_W,267,768,外卖,0.60,1.9,627,18:27,632,18:32,632,1500,657,18:57,10.5333,10.5333,10.9500,normal,0,scenario_simulation,Generated SYSU Shenzhen daily takeout demand with lunch and dinner peaks
OD300_244,CANTEEN_W,525,520,DORM_W,267,768,外卖,0.83,2.0,627,18:27,633,18:33,633,1080,651,18:51,10.5500,10.5500,10.8500,normal,0,scenario_simulation,Generated SYSU Shenzhen daily takeout demand with lunch and dinner peaks
OD300_245,RESTAURANT_X,720,715,DORM_W,267,768,外卖,0.82,2.1,629,18:29,635,18:35,635,1200,655,18:55,10.5833,10.5833,10.9167,normal,0,scenario_simulation,Generated SYSU Shenzhen daily takeout demand with lunch and dinner peaks
OD300_246,CANTEEN_W,525,520,DORM_E,1240,1080,外卖,0.67,2.3,629,18:29,639,18:39,639,1320,661,19:01,10.6500,10.6500,11.0167,normal,0,scenario_simulation,Generated SYSU Shenzhen daily takeout demand with lunch and dinner peaks
OD300_247,CANTEEN_W,525,520,DORM_E,1240,1080,外卖,0.51,1.6,633,18:33,643,18:43,643,900,658,18:58,10.7167,10.7167,10.9667,high,0,scenario_simulation,Generated SYSU Shenzhen daily takeout demand with lunch and dinner peaks
OD300_248,CANTEEN_W,525,520,DORM_W,267,768,外卖,0.31,1.2,633,18:33,643,18:43,643,900,658,18:58,10.7167,10.7167,10.9667,high,0,scenario_simulation,Generated SYSU Shenzhen daily takeout demand with lunch and dinner peaks
OD300_249,RESTAURANT_X,720,715,DORM_W,267,768,外卖,0.91,2.5,635,18:35,645,18:45,645,900,660,19:00,10.7500,10.7500,11.0000,high,0,scenario_simulation,Generated SYSU Shenzhen daily takeout demand with lunch and dinner peaks
OD300_250,CANTEEN_E,1125,920,DORM_W,267,768,外卖,0.76,1.9,635,18:35,644,18:44,644,1320,666,19:06,10.7333,10.7333,11.1000,normal,0,scenario_simulation,Generated SYSU Shenzhen daily takeout demand with lunch and dinner peaks
OD300_251,CANTEEN_W,525,520,DORM_E,1240,1080,外卖,0.56,1.3,636,18:36,644,18:44,644,1320,666,19:06,10.7333,10.7333,11.1000,normal,0,scenario_simulation,Generated SYSU Shenzhen daily takeout demand with lunch and dinner peaks
OD300_252,RESTAURANT_X,720,715,LIB,640,865,外卖,0.52,1.7,636,18:36,642,18:42,642,1500,667,19:07,10.7000,10.7000,11.1167,normal,0,scenario_simulation,Generated SYSU Shenzhen daily takeout demand with lunch and dinner peaks
OD300_253,RESTAURANT_X,720,715,DORM_W,267,768,外卖,0.93,2.7,637,18:37,643,18:43,643,1200,663,19:03,10.7167,10.7167,11.0500,normal,0,scenario_simulation,Generated SYSU Shenzhen daily takeout demand with lunch and dinner peaks
OD300_254,CANTEEN_E,1125,920,DORM_W,267,768,外卖,0.99,2.3,637,18:37,647,18:47,647,1320,669,19:09,10.7833,10.7833,11.1500,normal,0,scenario_simulation,Generated SYSU Shenzhen daily takeout demand with lunch and dinner peaks
OD300_255,CANTEEN_E,1125,920,DORM_E,1240,1080,外卖,0.90,2.6,637,18:37,646,18:46,646,1080,664,19:04,10.7667,10.7667,11.0667,normal,0,scenario_simulation,Generated SYSU Shenzhen daily takeout demand with lunch and dinner peaks
OD300_256,RESTAURANT_X,720,715,DORM_W,267,768,外卖,0.73,1.9,638,18:38,646,18:46,646,1200,666,19:06,10.7667,10.7667,11.1000,normal,0,scenario_simulation,Generated SYSU Shenzhen daily takeout demand with lunch and dinner peaks
OD300_257,CANTEEN_W,525,520,DORM_E,1240,1080,外卖,0.62,1.6,638,18:38,647,18:47,647,1500,672,19:12,10.7833,10.7833,11.2000,normal,0,scenario_simulation,Generated SYSU Shenzhen daily takeout demand with lunch and dinner peaks
OD300_258,CANTEEN_E,1125,920,DORM_E,1240,1080,外卖,0.82,1.8,640,18:40,647,18:47,647,1500,672,19:12,10.7833,10.7833,11.2000,normal,0,scenario_simulation,Generated SYSU Shenzhen daily takeout demand with lunch and dinner peaks
OD300_259,CANTEEN_W,525,520,DORM_E,1240,1080,外卖,1.41,3.4,641,18:41,650,18:50,650,900,665,19:05,10.8333,10.8333,11.0833,high,0,scenario_simulation,Generated SYSU Shenzhen daily takeout demand with lunch and dinner peaks
OD300_260,CANTEEN_W,525,520,DORM_E,1240,1080,外卖,0.61,2.0,643,18:43,650,18:50,650,1080,668,19:08,10.8333,10.8333,11.1333,normal,0,scenario_simulation,Generated SYSU Shenzhen daily takeout demand with lunch and dinner peaks
OD300_261,CANTEEN_W,525,520,DORM_E,1240,1080,外卖,0.86,2.6,644,18:44,650,18:50,650,1080,668,19:08,10.8333,10.8333,11.1333,normal,0,scenario_simulation,Generated SYSU Shenzhen daily takeout demand with lunch and dinner peaks
OD300_262,RESTAURANT_X,720,715,DORM_W,267,768,外卖,0.97,1.8,648,18:48,656,18:56,656,900,671,19:11,10.9333,10.9333,11.1833,high,0,scenario_simulation,Generated SYSU Shenzhen daily takeout demand with lunch and dinner peaks
OD300_263,CANTEEN_W,525,520,DORM_W,267,768,外卖,0.72,1.7,649,18:49,654,18:54,654,1320,676,19:16,10.9000,10.9000,11.2667,normal,0,scenario_simulation,Generated SYSU Shenzhen daily takeout demand with lunch and dinner peaks
OD300_264,CANTEEN_W,525,520,DORM_E,1240,1080,外卖,0.67,2.0,650,18:50,660,19:00,660,1080,678,19:18,11.0000,11.0000,11.3000,normal,0,scenario_simulation,Generated SYSU Shenzhen daily takeout demand with lunch and dinner peaks
OD300_265,RESTAURANT_X,720,715,DORM_W,267,768,外卖,0.77,2.3,654,18:54,661,19:01,661,1500,686,19:26,11.0167,11.0167,11.4333,normal,0,scenario_simulation,Generated SYSU Shenzhen daily takeout demand with lunch and dinner peaks
OD300_266,CANTEEN_W,525,520,DORM_E,1240,1080,外卖,0.68,1.5,654,18:54,659,18:59,659,1080,677,19:17,10.9833,10.9833,11.2833,normal,0,scenario_simulation,Generated SYSU Shenzhen daily takeout demand with lunch and dinner peaks
OD300_267,CANTEEN_E,1125,920,DORM_W,267,768,外卖,0.73,2.2,656,18:56,665,19:05,665,1500,690,19:30,11.0833,11.0833,11.5000,normal,0,scenario_simulation,Generated SYSU Shenzhen daily takeout demand with lunch and dinner peaks
OD300_268,CANTEEN_W,525,520,DORM_W,267,768,外卖,1.06,2.7,665,19:05,673,19:13,673,1500,698,19:38,11.2167,11.2167,11.6333,normal,0,scenario_simulation,Generated SYSU Shenzhen daily takeout demand with lunch and dinner peaks
OD300_269,CANTEEN_E,1125,920,DORM_W,267,768,外卖,0.39,1.1,672,19:12,680,19:20,680,1080,698,19:38,11.3333,11.3333,11.6333,normal,0,scenario_simulation,Generated SYSU Shenzhen daily takeout demand with lunch and dinner peaks
OD300_270,CANTEEN_E,1125,920,DORM_E,1240,1080,外卖,1.24,3.2,678,19:18,687,19:27,687,1320,709,19:49,11.4500,11.4500,11.8167,normal,0,scenario_simulation,Generated SYSU Shenzhen daily takeout demand with lunch and dinner peaks
OD300_271,CANTEEN_W,525,520,DORM_W,267,768,外卖,1.19,3.4,679,19:19,687,19:27,687,1500,712,19:52,11.4500,11.4500,11.8667,normal,0,scenario_simulation,Generated SYSU Shenzhen daily takeout demand with lunch and dinner peaks
OD300_272,CANTEEN_W,525,520,DORM_W,267,768,外卖,1.28,2.8,692,19:32,698,19:38,698,1320,720,20:00,11.6333,11.6333,12.0000,normal,0,scenario_simulation,Generated SYSU Shenzhen daily takeout demand with lunch and dinner peaks
OD300_273,CANTEEN_W,525,520,LIB,640,865,外卖,0.40,1.1,698,19:38,703,19:43,703,1500,728,20:08,11.7167,11.7167,12.1333,normal,0,scenario_simulation,Generated SYSU Shenzhen daily takeout demand with lunch and dinner peaks
OD300_274,CANTEEN_E,1125,920,DORM_W,267,768,外卖,0.40,1.2,699,19:39,706,19:46,706,1320,728,20:08,11.7667,11.7667,12.1333,normal,0,scenario_simulation,Generated SYSU Shenzhen daily takeout demand with lunch and dinner peaks
OD300_275,RESTAURANT_X,720,715,DORM_W,267,768,外卖,0.80,2.5,706,19:46,714,19:54,714,1200,734,20:14,11.9000,11.9000,12.2333,normal,0,scenario_simulation,Generated SYSU Shenzhen daily takeout demand with lunch and dinner peaks
OD300_276,RESTAURANT_X,720,715,DORM_E,1240,1080,外卖,0.83,1.8,710,19:50,715,19:55,715,1500,740,20:20,11.9167,11.9167,12.3333,normal,0,scenario_simulation,Generated SYSU Shenzhen daily takeout demand with lunch and dinner peaks
OD300_277,GATE_S,800,160,DORM_W,267,768,外卖,1.36,3.5,710,19:50,719,19:59,719,1200,739,20:19,11.9833,11.9833,12.3167,normal,0,scenario_simulation,Generated SYSU Shenzhen daily takeout demand with lunch and dinner peaks
OD300_278,CANTEEN_W,525,520,DORM_E,1240,1080,外卖,0.48,1.2,711,19:51,721,20:01,721,1320,743,20:23,12.0167,12.0167,12.3833,normal,0,scenario_simulation,Generated SYSU Shenzhen daily takeout demand with lunch and dinner peaks
OD300_279,CANTEEN_E,1125,920,LIB,640,865,外卖,0.95,2.6,714,19:54,724,20:04,724,1080,742,20:22,12.0667,12.0667,12.3667,normal,0,scenario_simulation,Generated SYSU Shenzhen daily takeout demand with lunch and dinner peaks
OD300_280,GATE_S,800,160,DORM_W,267,768,外卖,0.80,2.5,714,19:54,722,20:02,722,1320,744,20:24,12.0333,12.0333,12.4000,normal,0,scenario_simulation,Generated SYSU Shenzhen daily takeout demand with lunch and dinner peaks
OD300_281,GATE_S,800,160,DORM_W,267,768,外卖,0.80,2.4,716,19:56,724,20:04,724,1500,749,20:29,12.0667,12.0667,12.4833,normal,0,scenario_simulation,Generated SYSU Shenzhen daily takeout demand with lunch and dinner peaks
OD300_282,RESTAURANT_X,720,715,DORM_E,1240,1080,外卖,1.27,2.9,720,20:00,729,20:09,729,1500,754,20:34,12.1500,12.1500,12.5667,normal,0,scenario_simulation,Generated SYSU Shenzhen daily takeout demand with lunch and dinner peaks
OD300_283,CANTEEN_E,1125,920,LIB,640,865,外卖,0.58,1.6,722,20:02,728,20:08,728,1200,748,20:28,12.1333,12.1333,12.4667,normal,0,scenario_simulation,Generated SYSU Shenzhen daily takeout demand with lunch and dinner peaks
OD300_284,CANTEEN_E,1125,920,LIB,640,865,外卖,1.12,2.7,723,20:03,731,20:11,731,1500,756,20:36,12.1833,12.1833,12.6000,normal,0,scenario_simulation,Generated SYSU Shenzhen daily takeout demand with lunch and dinner peaks
OD300_285,CANTEEN_W,525,520,DORM_E,1240,1080,外卖,0.93,2.2,726,20:06,735,20:15,735,1080,753,20:33,12.2500,12.2500,12.5500,normal,0,scenario_simulation,Generated SYSU Shenzhen daily takeout demand with lunch and dinner peaks
OD300_286,CANTEEN_E,1125,920,LIB,640,865,外卖,0.55,1.4,741,20:21,746,20:26,746,1500,771,20:51,12.4333,12.4333,12.8500,normal,0,scenario_simulation,Generated SYSU Shenzhen daily takeout demand with lunch and dinner peaks
OD300_287,CANTEEN_W,525,520,DORM_E,1240,1080,外卖,1.07,2.7,742,20:22,751,20:31,751,1500,776,20:56,12.5167,12.5167,12.9333,normal,0,scenario_simulation,Generated SYSU Shenzhen daily takeout demand with lunch and dinner peaks
OD300_288,CANTEEN_W,525,520,LIB,640,865,外卖,0.59,1.5,745,20:25,754,20:34,754,900,769,20:49,12.5667,12.5667,12.8167,high,0,scenario_simulation,Generated SYSU Shenzhen daily takeout demand with lunch and dinner peaks
OD300_289,CANTEEN_E,1125,920,DORM_W,267,768,外卖,1.13,2.9,757,20:37,765,20:45,765,1080,783,21:03,12.7500,12.7500,13.0500,normal,0,scenario_simulation,Generated SYSU Shenzhen daily takeout demand with lunch and dinner peaks
OD300_290,CANTEEN_W,525,520,DORM_E,1240,1080,外卖,0.85,2.3,758,20:38,768,20:48,768,1320,790,21:10,12.8000,12.8000,13.1667,normal,0,scenario_simulation,Generated SYSU Shenzhen daily takeout demand with lunch and dinner peaks
OD300_291,RESTAURANT_X,720,715,DORM_E,1240,1080,外卖,1.01,2.2,759,20:39,765,20:45,765,1500,790,21:10,12.7500,12.7500,13.1667,normal,0,scenario_simulation,Generated SYSU Shenzhen daily takeout demand with lunch and dinner peaks
OD300_292,CANTEEN_W,525,520,DORM_W,267,768,外卖,0.75,2.2,761,20:41,768,20:48,768,1500,793,21:13,12.8000,12.8000,13.2167,normal,0,scenario_simulation,Generated SYSU Shenzhen daily takeout demand with lunch and dinner peaks
OD300_293,CANTEEN_E,1125,920,DORM_W,267,768,外卖,0.75,2.3,761,20:41,768,20:48,768,1320,790,21:10,12.8000,12.8000,13.1667,normal,0,scenario_simulation,Generated SYSU Shenzhen daily takeout demand with lunch and dinner peaks
OD300_294,RESTAURANT_X,720,715,LIB,640,865,外卖,0.58,1.9,763,20:43,770,20:50,770,1500,795,21:15,12.8333,12.8333,13.2500,normal,0,scenario_simulation,Generated SYSU Shenzhen daily takeout demand with lunch and dinner peaks
OD300_295,CANTEEN_W,525,520,DORM_W,267,768,外卖,0.59,1.9,765,20:45,774,20:54,774,1500,799,21:19,12.9000,12.9000,13.3167,normal,0,scenario_simulation,Generated SYSU Shenzhen daily takeout demand with lunch and dinner peaks
OD300_296,RESTAURANT_X,720,715,DORM_W,267,768,外卖,0.91,2.1,768,20:48,778,20:58,778,1320,800,21:20,12.9667,12.9667,13.3333,normal,0,scenario_simulation,Generated SYSU Shenzhen daily takeout demand with lunch and dinner peaks
OD300_297,CANTEEN_W,525,520,LIB,640,865,外卖,0.37,1.0,768,20:48,773,20:53,773,1500,798,21:18,12.8833,12.8833,13.3000,normal,0,scenario_simulation,Generated SYSU Shenzhen daily takeout demand with lunch and dinner peaks
OD300_298,RESTAURANT_X,720,715,DORM_W,267,768,外卖,0.68,2.1,769,20:49,776,20:56,776,1500,801,21:21,12.9333,12.9333,13.3500,normal,0,scenario_simulation,Generated SYSU Shenzhen daily takeout demand with lunch and dinner peaks
OD300_299,CANTEEN_E,1125,920,DORM_E,1240,1080,外卖,0.58,1.6,769,20:49,775,20:55,775,1200,795,21:15,12.9167,12.9167,13.2500,normal,0,scenario_simulation,Generated SYSU Shenzhen daily takeout demand with lunch and dinner peaks
OD300_300,CANTEEN_E,1125,920,DORM_W,267,768,外卖,0.97,2.2,776,20:56,782,21:02,782,1500,807,21:27,13.0333,13.0333,13.4500,normal,0,scenario_simulation,Generated SYSU Shenzhen daily takeout demand with lunch and dinner peaks
